INSERT INTO company.client (
        username,
        password,
        fullname,
        phone,
        email,
        b_day,
        image,
        role
    )
VALUES (
        'ngocnguyen',
        'bngoc131',
        'NguyenVanBaoNgoc',
        '0346320749',
        'ngoc.nguyenkhmt@hcmut.edu.vn',
        '2001/01/13',
        'https://scontent.fsgn8-2.fna.fbcdn.net/v/t1.6435-9/161365154_734037114169149_1145012041871685430_n.jpg?_nc_cat=110&ccb=1-5&_nc_sid=09cbfe&_nc_ohc=d-psis-K06EAX_dJg0S&_nc_ht=scontent.fsgn8-2.fna&oh=3053e127dee2f09496b199616d1456af&oe=61BFF563',
        'client'
    ),
    (
        'thanhdang',
        'thanhdang',
        'DangQuocThanh',
        '0123456789',
        'thanhdang@gmail.com',
        '2001/01/27',
        'https://scontent.fsgn4-1.fna.fbcdn.net/v/t1.6435-9/80780884_2491962861048688_9057954596969775104_n.jpg?_nc_cat=103&ccb=1-5&_nc_sid=174925&_nc_ohc=GQJl89D6DYEAX82zYF3&_nc_ht=scontent.fsgn4-1.fna&oh=ba0fd0f73d4f9c89340a5daaf85e4835&oe=61BFEB4B',
        'client'
    ),
    (
        'tienle',
        'tienidol',
        'LeNgocTien',
        '0987654321',
        'tienidol@hcmut.edu.vn',
        '2001/06/07',
        'https://scontent.fsgn3-1.fna.fbcdn.net/v/t31.18172-8/23847327_136757197044285_2888861115248462117_o.jpg?_nc_cat=107&ccb=1-5&_nc_sid=730e14&_nc_ohc=bb4ZYqAhXegAX90y2Bz&_nc_ht=scontent.fsgn3-1.fna&oh=1c27325d540d0e687985b303c1764705&oe=61C10D0A',
        'admin'
    ),
    (
        'quannguyen',
        'quanidol',
        'NguyenThucQuan',
        '0135792468',
        'quan.idol@hcmut.edu.vn',
        '2001/02/14',
        'https://scontent.fsgn8-2.fna.fbcdn.net/v/t1.6435-9/161365154_734037114169149_1145012041871685430_n.jpg?_nc_cat=110&ccb=1-5&_nc_sid=09cbfe&_nc_ohc=d-psis-K06EAX_dJg0S&_nc_ht=scontent.fsgn8-2.fna&oh=3053e127dee2f09496b199616d1456af&oe=61BFF563',
        'admin'
    ),
    (
        'phuctruong',
        'phucidol',
        'TruongHoangPhuc',
        '0102030405',
        'phuctruong@gmail.com',
        '2001/03/15',
        'https://scontent.fsgn8-2.fna.fbcdn.net/v/t1.6435-9/161365154_734037114169149_1145012041871685430_n.jpg?_nc_cat=110&ccb=1-5&_nc_sid=09cbfe&_nc_ohc=d-psis-K06EAX_dJg0S&_nc_ht=scontent.fsgn8-2.fna&oh=3053e127dee2f09496b199616d1456af&oe=61BFF563',
        'client'
    ),
    (
        'nhancu',
        'cudothanhnhan',
        'CuDoThanhNhan',
        '0805150805',
        'nhan.cu@hcmut.edu.vn',
        '2001/04/19',
        'https://scontent.fsgn4-1.fna.fbcdn.net/v/t1.6435-9/80780884_2491962861048688_9057954596969775104_n.jpg?_nc_cat=103&ccb=1-5&_nc_sid=174925&_nc_ohc=GQJl89D6DYEAX82zYF3&_nc_ht=scontent.fsgn4-1.fna&oh=ba0fd0f73d4f9c89340a5daaf85e4835&oe=61BFEB4B',
        'client'
    ),
    (
        'hungnguyen',
        'mrhung',
        'NguyenQuangHung',
        '0103242656',
        'ngoc.nguyenkhmt@hcmut.edu.vn',
        '2001/05/21',
        'https://scontent.fsgn8-2.fna.fbcdn.net/v/t1.6435-9/161365154_734037114169149_1145012041871685430_n.jpg?_nc_cat=110&ccb=1-5&_nc_sid=09cbfe&_nc_ohc=d-psis-K06EAX_dJg0S&_nc_ht=scontent.fsgn8-2.fna&oh=3053e127dee2f09496b199616d1456af&oe=61BFF563',
        'admin'
    ),
    (
        'quanganh',
        'quanganhidol',
        'NguyenQuangAnh',
        '0456321789',
        'quanganhnguyen@gmail.com',
        '2001/06/26',
        'https://scontent.fsgn4-1.fna.fbcdn.net/v/t1.6435-9/127095148_3564506033643595_1339674100085130154_n.jpg?_nc_cat=103&ccb=1-5&_nc_sid=09cbfe&_nc_ohc=t7Gx819wudcAX9nBqsj&tn=FQ-kSl6xHAP9F4RB&_nc_ht=scontent.fsgn4-1.fna&oh=c9755e2549b7b888febaafafc0385b0e&oe=61C1C382',
        'client'
    ),
    (
        'phuocle',
        'phuocsmile',
        'LeHuyPhuoc',
        '0214356879',
        'phuoc.smile@hcmut.edu.vn',
        '2001/07/27',
        'https://scontent.fsgn4-1.fna.fbcdn.net/v/t1.6435-9/127095148_3564506033643595_1339674100085130154_n.jpg?_nc_cat=103&ccb=1-5&_nc_sid=09cbfe&_nc_ohc=t7Gx819wudcAX9nBqsj&tn=FQ-kSl6xHAP9F4RB&_nc_ht=scontent.fsgn4-1.fna&oh=c9755e2549b7b888febaafafc0385b0e&oe=61C1C382',
        'client'
    ),
    (
        'quyenkhonglo',
        'quyenmanh',
        'KhongManhQuyen',
        '0634512374',
        'quyen@hcmut.edu.vn',
        '2001/01/13',
        'https://scontent.fsgn4-1.fna.fbcdn.net/v/t1.6435-9/127095148_3564506033643595_1339674100085130154_n.jpg?_nc_cat=103&ccb=1-5&_nc_sid=09cbfe&_nc_ohc=t7Gx819wudcAX9nBqsj&tn=FQ-kSl6xHAP9F4RB&_nc_ht=scontent.fsgn4-1.fna&oh=c9755e2549b7b888febaafafc0385b0e&oe=61C1C382',
        'client'
    );
INSERT INTO company.product (
        id,
        product_name,
        price,
        images,
        type,
        brand,
        capacity,
        color,
        promotion,
        same_product,
        screen,
        Rom,
        Ram,
        battery
    )
VALUES (
        123,
        'iPhone 13',
        27490000,
        'https://cdn.tgdd.vn/Products/Images/42/250258/Slider/iphone-13mini-1020x570.jpg + https://cdn.tgdd.vn/Products/Images/42/250258/iphone-13-red-1-1.jpg + https://cdn.tgdd.vn/Products/Images/42/250258/iphone-13-black-1.jpg + https://cdn.tgdd.vn/Products/Images/42/250258/iphone-13-pink-1-1.jpg',
        'Dien thoai',
        'Apple',
        256,
        'red + black + Blue + pink',
        'sale 10% + Tặng Phiếu mua hàng 100,000đ áp dụng mua thẻ cào, thẻ game + Giảm đến 1,500,000đ khi tham gia thu cũ đổi mới (Không áp dụng kèm giảm giá qua VNPay) + Giảm thêm 5% khi mua cùng sản phẩm bất kỳ có giá cao hơn + Phụ kiện chính hãng Apple giảm 30% khi mua kèm iPhone 13 Series + Giảm 50% giá mua gói bảo hiểm rơi vỡ 6 tháng (trị giá đến 1,000,000đ) + Giảm 50% giá gói cước 1 năm (Vina350/Vina500) cho Sim VinaPhone trả sau (Trị giá đến 3 triệu)',
        'iPhone 13 Pro Max + iPhone 13 Pro + iPhone 13 Mini',
        '6.1" - Tần số quét 60 Hz',
        256,
        4,
        '3240 mAh'
    ),
    (
        1231,
        'iPhone 13 Pro Max',
        43990000,
        'https://cdn.tgdd.vn/Products/Images/42/250728/Kit/iphone-13-pro-max-n.jpg + https://cdn.tgdd.vn/Products/Images/42/250262/iphone-13-pro-max-grey-1.jpg + https://cdn.tgdd.vn/Products/Images/42/250262/iphone-13-pro-max-gold-1-1.jpg + https://cdn.tgdd.vn/Products/Images/42/230529/iphone-13-pro-max-xanh-1.jpg',
        'Dien thoai',
        'Apple',
        512,
        'Silver + Black + Gold',
        'Mua online giam 2000000 + Tặng Phiếu mua hàng 100,000đ áp dụng mua thẻ cào, thẻ game + Giảm đến 1,500,000đ khi tham gia thu cũ đổi mới (Không áp dụng kèm giảm giá qua VNPay) + Giảm thêm 5% khi mua cùng sản phẩm bất kỳ có giá cao hơn + Phụ kiện chính hãng Apple giảm 30% khi mua kèm iPhone 13 Series + Giảm 50% giá mua gói bảo hiểm rơi vỡ 6 tháng (trị giá đến 1,000,000đ) + Giảm 50% giá gói cước 1 năm (Vina350/Vina500) cho Sim VinaPhone trả sau (Trị giá đến 3 triệu)',
        'iPhone 13 + iPhone 13 Mini',
        'OLED6.7"Super Retina XDR',
        1024,
        6,
        '4352 mAh'
    ),
    (
        1232,
        'iPhone 13 Mini',
        24490000,
        'https://cdn.tgdd.vn/Products/Images/42/236780/iphone-13-mini-hong-1.jpg + https://cdn.tgdd.vn/Products/Images/42/236780/iphone-13-mini-black-1.jpg + https://cdn.tgdd.vn/Products/Images/42/236780/iphone-13-mini-red-1-1.jpg + https://cdn.tgdd.vn/Products/Images/42/236780/iphone-13-mini-white-1.jpg',
        'Dien thoai',
        'Apple',
        256,
        'White + Blue + red',
        'Tặng Phiếu mua hàng 100,000đ áp dụng mua thẻ cào, thẻ game + Giảm đến 1,500,000đ khi tham gia thu cũ đổi mới (Không áp dụng kèm giảm giá qua VNPay) + Giảm thêm 5% khi mua cùng sản phẩm bất kỳ có giá cao hơn + Phụ kiện chính hãng Apple giảm 30% khi mua kèm iPhone 13 Series + Giảm 50% giá mua gói bảo hiểm rơi vỡ 6 tháng (trị giá đến 1,000,000đ) + Giảm 50% giá gói cước 1 năm (Vina350/Vina500) cho Sim VinaPhone trả sau (Trị giá đến 3 triệu)',
        'iPhone 13 + iPhone 13 Pro Max + iPhone 13 Pro',
        'OLED5.4"Super Retina XDR',
        128,
        4,
        '2438 mAh'
    ),
    (
        124,
        'Xiaomi Mi 11 5G ',
        19990000,
        'https://cdn.tgdd.vn/Products/Images/42/226264/Slider/xiaomi-mi-11-thumbvideo-780x433.jpg + https://cdn.tgdd.vn/Products/Images/42/226264/xiaomi-mi-11-xanhduong-1-org.jpg + https://cdn.tgdd.vn/Products/Images/42/226264/xiaomi-mi-11-xamdam-1-org.jpg + https://cdn.tgdd.vn/Products/Images/42/226264/Kit/xiaomi-mi-11-note-2.jpg',
        'Dien thoai',
        'Xiaomi',
        '256',
        'Black',
        'sale 9% + Bảo hiểm rơi vỡ màn hình 12 tháng + Giảm thêm 5% khi mua cùng sản phẩm bất kỳ có giá cao hơn + Nhập mã TGDD11 giảm 5% tối đa 700.000đ cho hóa đơn từ 500.000đ khi thanh toán qua Ví Moca trên ứng dụng Grab + Nhập mã DMX100 giảm 3% tối đa 100.000đ khi thanh toán quét QRcode qua App của ngân hàng',
        'Xiaomi 11T 5G 128GB',
        'AMOLED6.81"Quad HD+ (2K+)',
        256,
        8,
        '4600 mAh'
    ),
    (
        125,
        'Xiaomi 11T 5G 128GB',
        10990000,
        'https://cdn.tgdd.vn/Products/Images/42/248293/Slider/xiaomi-11t-slider-tong-quan-1020x570-1.jpg + https://cdn.tgdd.vn/Products/Images/42/248293/xiaomi-11t-1-1.jpg + https://cdn.tgdd.vn/Products/Images/42/248293/iaomi-11t-xanh-duong-1.jpg + https://cdn.tgdd.vn/Products/Images/42/248293/iaomi-11t-xam-1.jpg',
        'Dien Thoai',
        'Xiaomi',
        '128',
        'White + Blue + Gray',
        ' Bảo hiểm rơi vỡ màn hình 12 tháng + Giảm thêm 5% khi mua cùng sản phẩm bất kỳ có giá cao hơn + Nhập mã TGDD11 giảm 5% tối đa 700.000đ cho hóa đơn từ 500.000đ khi thanh toán qua Ví Moca trên ứng dụng Grab + Nhập mã DMX100 giảm 3% tối đa 100.000đ khi thanh toán quét QRcode qua App của ngân hàng',
        'Xiaomi 11T Pro + Xiaomi 11T 256 GB',
        'AMOLED6.67 Full HD+',
        128,
        8,
        '5000 mAh'
    ),
    (
        1251,
        'Xiaomi 11T Pro',
        14990000,
        'https://cdn.tgdd.vn/Products/Images/42/248218/xiaomi-11t-pro-1-1.jpg + https://cdn.tgdd.vn/Products/Images/42/248218/xiaomi-11t-pro-1-2.jpg + https://cdn.tgdd.vn/Products/Images/42/248218/xiaomi-11t-pro-white-2-600x600.jpg + https://cdn.tgdd.vn/Products/Images/42/248218/Slider/xiaomi-11t-pro-slider-tong-quan-1020x570.jpg',
        'Dien thoai',
        'Xiaomi',
        256,
        'White + Blue + Gray',
        'Bảo hiểm rơi vỡ màn hình 12 tháng + Giảm thêm 5% khi mua cùng sản phẩm bất kỳ có giá cao hơn + Nhập mã TGDD11 giảm 5% tối đa 700.000đ cho hóa đơn từ 500.000đ khi thanh toán qua Ví Moca trên ứng dụng Grab + Nhập mã DMX100 giảm 3% tối đa 100.000đ khi thanh toán quét QRcode qua App của ngân hàng',
        'Xiaomi 11T 5G 128GB + Xiaomi 11T 256 GB',
        'AMOLED6.67"Full HD+',
        256,
        12,
        '5000mAh'
    ),
    (
        1252,
        'Xiaomi 11T 5G 256GB',
        11990000,
        'https://cdn.tgdd.vn/Products/Images/42/251216/iaomi-11t-xam-1.jpg + https://cdn.tgdd.vn/Products/Images/42/251216/iaomi-11t-xanh-duong-1.jpg + https://cdn.tgdd.vn/Products/Images/42/251216/xiaomi-11t-1.jpg + https://cdn.tgdd.vn/Products/Images/42/251216/Slider/xiaomi-11t-slider-tong-quan-1020x570-1.jpg',
        'Dien thoai',
        'Xiaomi',
        256,
        'White + Blue + Gray',
        ' Bảo hiểm rơi vỡ màn hình 12 tháng + Giảm thêm 5% khi mua cùng sản phẩm bất kỳ có giá cao hơn + Nhập mã TGDD11 giảm 5% tối đa 700.000đ cho hóa đơn từ 500.000đ khi thanh toán qua Ví Moca trên ứng dụng Grab + Nhập mã DMX100 giảm 3% tối đa 100.000đ khi thanh toán quét QRcode qua App của ngân hàng',
        'Xiaomi 11T 5G 128GB + Xiaomi 11T Pro',
        'AMOLED6.67"Full HD+',
        256,
        8,
        '5000mAh'
    ),
    (
        126,
        'Xiaomi Redmi Note 10 Pro ',
        7490000,
        'https://cdn.tgdd.vn/Products/Images/42/229228/xiaomi-redmi-note-10-pro-1-2-org.jpg + https://cdn.tgdd.vn/Products/Images/42/229228/xiaomi-redmi-note-10-pro-1-2-org.jpg + https://cdn.tgdd.vn/Products/Images/42/229228/xiaomi-redmi-note-10-pro-1-2-org.jpg + https://cdn.tgdd.vn/Products/Images/42/229228/Kit/xiaomi-redmi-note-10-pro-note-2.jpg',
        'Dien Thoai',
        'Xiaomi',
        128,
        'Blue + Gray + Gold',
        'Giảm thêm 5% khi mua cùng sản phẩm bất kỳ có giá cao hơn + Nhập mã TGDD11 giảm 5% tối đa 700.000đ cho hóa đơn từ 500.000đ khi thanh toán qua Ví Moca trên ứng dụng Grab + Nhập mã DMX100 giảm 3% tối đa 100.000đ khi thanh toán quét QRcode qua App của ngân hàng',
        'Xiaomi Redmi Note 10s + Xiaomi Redmi Note 10 5G 8GB ',
        'AMOLED6.67 Full HD+',
        128,
        8,
        '5020 mAh'
    ),
    (
        1261,
        'Xiaomi Redmi Note 10s ',
        6490000,
        'https://cdn.tgdd.vn/Products/Images/42/235969/xiaomi-redmi-note-10s-xanh-duong-1-org.jpg + https://cdn.tgdd.vn/Products/Images/42/235969/xiaomi-redmi-note-10s-trang-1-org.jpg + https://cdn.tgdd.vn/Products/Images/42/235969/xiaomi-redmi-note-10s-xam-1-1-org.jpg + https://cdn.tgdd.vn/Products/Images/42/235969/Kit/xiaomi-redmi-note-10s-note.jpg',
        'Dien Thoai',
        'Xiaomi',
        128,
        'Blue + Gray + White',
        'Giảm thêm 5% khi mua cùng sản phẩm bất kỳ có giá cao hơn + Nhập mã TGDD11 giảm 5% tối đa 700.000đ cho hóa đơn từ 500.000đ khi thanh toán qua Ví Moca trên ứng dụng Grab + Nhập mã DMX100 giảm 3% tối đa 100.000đ khi thanh toán quét QRcode qua App của ngân hàng',
        'Xiaomi Redmi Note 10 Pro + Xiaomi Redmi Note 10 5G 8GB ',
        'AMOLED6.43 Full HD+',
        128,
        8,
        '5000 mAh'
    ),
    (
        1262,
        'Xiaomi Redmi Note 10 5G 8GB ',
        5990000,
        'https://cdn.tgdd.vn/Products/Images/42/235971/xiaomi-redmi-note-10-5g-xanh-duong-1-org.jpg + https://cdn.tgdd.vn/Products/Images/42/235971/xiaomi-redmi-note-10-5g-xanh-la-1-org.jpg + https://cdn.tgdd.vn/Products/Images/42/235971/xiaomi-redmi-note-10-5g-xam-1-org.jpg + https://cdn.tgdd.vn/Products/Images/42/235971/xiaomi-redmi-note-10-5g-bac-1-org.jpg',
        'Dien Thoai',
        'Xiaomi',
        '128',
        'Blue + Gray + Silver + Green',
        'Giảm thêm 5% khi mua cùng sản phẩm bất kỳ có giá cao hơn + Nhập mã TGDD11 giảm 5% tối đa 700.000đ cho hóa đơn từ 500.000đ khi thanh toán qua Ví Moca trên ứng dụng Grab + Nhập mã DMX100 giảm 3% tối đa 100.000đ khi thanh toán quét QRcode qua App của ngân hàng',
        'Xiaomi Redmi Note 10 Pro + Xiaomi Redmi Note 10s ',
        'IPS LCD6.5"Full HD+',
        128,
        8,
        '5000 mAh'
    ),
    (
        127,
        'Samsung Galaxy Z Fold3 5G 512GB',
        44990000,
        'https://cdn.tgdd.vn/Products/Images/42/248284/samsung-galaxy-z-fold-3-1-org.jpg + https://cdn.tgdd.vn/Products/Images/42/248284/samsung-galaxy-z-fold-3-1-org.jpg + https://cdn.tgdd.vn/Products/Images/42/248284/samsung-galaxy-z-fold-3-silver-gc-org.jpg + https://cdn.tgdd.vn/Products/Images/42/248284/Slider/samsung-galaxy-z-fold-3-slider-tong-quan-1020x570.jpg',
        'Dien thoai',
        'SamSung',
        512,
        'Black + Silver',
        'giam 1.000.000 + Giảm thêm 5% khi mua cùng sản phẩm bất kỳ có giá cao hơn + Giảm ngay 50% Bao da kèm S Pen khi mua cùng Galaxy Z Fold3 + Gói dịch vụ ưu tiên cao cấp và phòng chờ hạng thương gia + Giảm đến 4,000,000đ khi tham gia thu cũ đổi mới + Trả góp 0% thẻ tín dụng + Mua kèm Samsung Galaxy Watch 4 giảm 15% (không áp dụng km khác). + Nhập mã TGDD11 giảm 5% tối đa 700.000đ cho hóa đơn từ 500.000đ khi thanh toán qua Ví Moca trên ứng dụng Grab + Nhập mã DMX100 giảm 3% tối đa 100.000đ khi thanh toán quét QRcode qua App của ngân hàng',
        'Samsung Galaxy Z Fold3 5G 256GB + Samsung Galaxy Z Flip3 5G 128GB',
        'Dynamic AMOLED 2XChính 7.6" & Phụ 6.2"Full HD+',
        512,
        12,
        '4400 mAh'
    ),
    (
        1271,
        'Samsung Galaxy Z Fold3 5G 256GB',
        41990000,
        'https://cdn.tgdd.vn/Products/Images/42/226935/samsung-galaxy-z-fold-3-silver-gc-org.jpg + https://cdn.tgdd.vn/Products/Images/42/226935/samsung-galaxy-z-fold-3-1-1-org.jpg + https://cdn.tgdd.vn/Products/Images/42/226935/samsung-galaxy-z-fold-3-green-gc-org.jpg + https://cdn.tgdd.vn/Products/Images/42/226935/Slider/samsung-galaxy-z-fold-3-slider-tong-quan-1020x570.jpg',
        'Dien thoai',
        'SamSung',
        256,
        'Black + Silver',
        'giam 1.000.000 + Giảm thêm 5% khi mua cùng sản phẩm bất kỳ có giá cao hơn + Giảm ngay 50% Bao da kèm S Pen khi mua cùng Galaxy Z Fold3 + Gói dịch vụ ưu tiên cao cấp và phòng chờ hạng thương gia + Giảm đến 4,000,000đ khi tham gia thu cũ đổi mới + Trả góp 0% thẻ tín dụng + Mua kèm Samsung Galaxy Watch 4 giảm 15% (không áp dụng km khác). + Nhập mã TGDD11 giảm 5% tối đa 700.000đ cho hóa đơn từ 500.000đ khi thanh toán qua Ví Moca trên ứng dụng Grab + Nhập mã DMX100 giảm 3% tối đa 100.000đ khi thanh toán quét QRcode qua App của ngân hàng',
        'Samsung Galaxy Z Fold3 5G 512GB + Samsung Galaxy Z Flip3 5G 128GB',
        'Dynamic AMOLED 2XChính 7.6" & Phụ 6.2"Full HD+',
        256,
        12,
        '4400 mAh'
    ),
    (
        128,
        'Samsung Galaxy A52s 5G',
        10290000,
        'https://cdn.tgdd.vn/Products/Images/42/247507/samsung-galaxy-a52s-5g-violet-gc-org.jpg + https://cdn.tgdd.vn/Products/Images/42/247507/samsung-galaxy-a52s-5g-mint-gc-org.jpg + https://cdn.tgdd.vn/Products/Images/42/247507/samsung-galaxy-a52s-5g-1-3.jpg + https://cdn.tgdd.vn/Products/Images/42/247507/samsung-galaxy-a52s-5g-white-gc-org.jpg',
        'Dien thoai',
        'SamSung',
        128,
        'Purple + Green + White + Black',
        'Ưu đãi voucher trị giá đến 4,000,000đ + Giảm thêm 5% khi mua cùng sản phẩm bất kỳ có giá cao hơn + Giảm ngay 50% Bao da kèm S Pen khi mua cùng Galaxy Z Fold3 + Gói dịch vụ ưu tiên cao cấp và phòng chờ hạng thương gia + Giảm đến 4,000,000đ khi tham gia thu cũ đổi mới + Trả góp 0% thẻ tín dụng + Mua kèm Samsung Galaxy Watch 4 giảm 15% (không áp dụng km khác). + Nhập mã TGDD11 giảm 5% tối đa 700.000đ cho hóa đơn từ 500.000đ khi thanh toán qua Ví Moca trên ứng dụng Grab + Nhập mã DMX100 giảm 3% tối đa 100.000đ khi thanh toán quét QRcode qua App của ngân hàng',
        'Samsung Galaxy A52s 5G 256GB ',
        'Super AMOLED6.5"Full HD+',
        128,
        8,
        '4500 mAh'
    ),
    (
        1281,
        'Samsung Galaxy A52s 5G 256GB',
        11790000,
        'https://cdn.tgdd.vn/Products/Images/42/247507/samsung-galaxy-a52s-5g-violet-gc-org.jpg + https://cdn.tgdd.vn/Products/Images/42/247507/samsung-galaxy-a52s-5g-mint-gc-org.jpg + https://cdn.tgdd.vn/Products/Images/42/247507/samsung-galaxy-a52s-5g-1-3.jpg + https://cdn.tgdd.vn/Products/Images/42/247507/samsung-galaxy-a52s-5g-white-gc-org.jpg',
        'Dien thoai',
        'SamSung',
        256,
        'Purple + Green + White + Black',
        'Ưu đãi voucher trị giá đến 4,000,000đ + Giảm thêm 5% khi mua cùng sản phẩm bất kỳ có giá cao hơn + Giảm ngay 50% Bao da kèm S Pen khi mua cùng Galaxy Z Fold3 + Gói dịch vụ ưu tiên cao cấp và phòng chờ hạng thương gia + Giảm đến 4,000,000đ khi tham gia thu cũ đổi mới + Trả góp 0% thẻ tín dụng + Mua kèm Samsung Galaxy Watch 4 giảm 15% (không áp dụng km khác). + Nhập mã TGDD11 giảm 5% tối đa 700.000đ cho hóa đơn từ 500.000đ khi thanh toán qua Ví Moca trên ứng dụng Grab + Nhập mã DMX100 giảm 3% tối đa 100.000đ khi thanh toán quét QRcode qua App của ngân hàng',
        'Samsung Galaxy A52s 5G 256GB ',
        'Super AMOLED6.5"Full HD+',
        256,
        8,
        '4500 mAh'
    ),
    (
        129,
        'Nokia 3.4 ',
        3290000,
        'https://cdn.tgdd.vn/Products/Images/42/227626/nokia-34-1-1-org.jpg + https://cdn.tgdd.vn/Products/Images/42/227626/nokia-34-xanh-duong-1-org.jpg + https://cdn.tgdd.vn/Products/Images/42/227626/nokia-34-1-2-org.jpg + https://cdn.tgdd.vn/Products/Images/42/227626/Kit/nokia-34-note.jpg',
        'Dien thoai',
        'Nokia',
        64,
        'gray + Blue + Purple',
        'giam 2% + Nhập mã TGDD11 giảm 5% tối đa 700.000đ cho hóa đơn từ 500.000đ khi thanh toán qua Ví Moca trên ứng dụng Grab + Nhập mã DMX100 giảm 3% tối đa 100.000đ khi thanh toán quét QRcode qua App của ngân hàng ',
        'Nokia C30',
        'IPS LCD6 39"HD+',
        64,
        4,
        '4000 mAh'
    ),
    (
        1291,
        'Nokia C30 ',
        3290000,
        'https://cdn.tgdd.vn/Products/Images/42/239748/nokia-c30-xanh-la-gc-org.jpg + https://cdn.tgdd.vn/Products/Images/42/239748/nokia-c30-xanh-la-gc-org.jpg + https://cdn.tgdd.vn/Products/Images/42/239748/nokia-c30-xanh-la-gc-org.jpg + https://cdn.tgdd.vn/Products/Images/42/239748/nokia-c30-xanh-la-gc-org.jpg',
        'Dien thoai',
        'Nokia',
        32,
        'Green',
        'giam 2% + Nhập mã TGDD11 giảm 5% tối đa 700.000đ cho hóa đơn từ 500.000đ khi thanh toán qua Ví Moca trên ứng dụng Grab + Nhập mã DMX100 giảm 3% tối đa 100.000đ khi thanh toán quét QRcode qua App của ngân hàng ',
        'Nokia 3.4',
        'IPS LCD6 39"HD+',
        32,
        3,
        '6000 mAh'
    ),
    (
        130,
        'Vivo X70 Pro 5G',
        18990000,
        'https://cdn.tgdd.vn/Products/Images/42/248099/vivo-x70-pro-xanh-1-1.jpg + https://cdn.tgdd.vn/Products/Images/42/248099/vivo-x70-pro-black-gc-org.jpg + https://cdn.tgdd.vn/Products/Images/42/248099/Slider/vi-vn-vivo-x70-pro-5g-slider-tong-quan.jpg + https://cdn.tgdd.vn/Products/Images/42/248099/Kit/vivo-x70-pro-n.jpg',
        'Dien Thoai',
        'Vivo',
        256,
        'Blue + Pink + Black',
        'Gói bảo hiểm rơi vỡ màn hình 6 tháng + Bảo hành 18 tháng + Giảm thêm 5% khi mua cùng sản phẩm bất kỳ có giá cao hơn + Nhập mã TGDD11 giảm 5% tối đa 700.000đ cho hóa đơn từ 500.000đ khi thanh toán qua Ví Moca trên ứng dụng Grab + Nhập mã DMX100 giảm 3% tối đa 100.000đ khi thanh toán quét QRcode qua App của ngân hàng',
        'Vivo Y21',
        'AMOLED6.56"Full HD+',
        256,
        12,
        '4450 mAh'
    ),
    (
        1301,
        'Vivo Y21',
        4290000,
        'https://cdn.tgdd.vn/Products/Images/42/115343/vivo-y21-1-2.jpg + https://cdn.tgdd.vn/Products/Images/42/115343/vivo-y21-blue-gc-1-org.jpg + https://cdn.tgdd.vn/Products/Images/42/115343/Slider/vi-vn-vivo-y21-slider-tong-quan.jpg + https://cdn.tgdd.vn/Products/Images/42/115343/Kit/vivo-y21-n.jpg',
        'Dien Thoai',
        'Vivo',
        64,
        'White + BLue + Purple',
        'Giảm thêm 2% khi mua cùng sản phẩm bất kỳ có giá cao hơn + Nhập mã TGDD11 giảm 5% tối đa 700.000đ cho hóa đơn từ 500.000đ khi thanh toán qua Ví Moca trên ứng dụng Grab + Nhập mã DMX100 giảm 3% tối đa 100.000đ khi thanh toán quét QRcode qua App của ngân hàng',
        'Vivo X70 Pro 5G',
        'IPS LCD6.51"HD+',
        64,
        4,
        '5000 mAh'
    ),
    (
        131,
        'Realme 8 Pro',
        8690000,
        'https://cdn.tgdd.vn/Products/Images/42/241017/realme-8-pro--vang-1-org.jpg + https://cdn.tgdd.vn/Products/Images/42/235986/realme-8-pro-den-1-org.jpg + https://cdn.tgdd.vn/Products/Images/42/235986/realme-8-pro-xanh-duong-1-org.jpg + https://cdn.tgdd.vn/Products/Images/42/241017/Kit/realme-8-pro-n-2.jpg',
        'Dien Thoai',
        'Real me',
        128,
        'Yellow + Black + Blue',
        'Giảm thêm 3% khi mua cùng sản phẩm bất kỳ có giá cao hơn + Nhập mã TGDD11 giảm 5% tối đa 700.000đ cho hóa đơn từ 500.000đ khi thanh toán qua Ví Moca trên ứng dụng Grab + Nhập mã DMX100 giảm 3% tối đa 100.000đ khi thanh toán quét QRcode qua App của ngân hàng',
        'Real me 8 + Real me 8 5G',
        'Super AMOLED6.4"Full HD+',
        128,
        8,
        '4500 mAh'
    ),
    (
        1311,
        'Realme 8 ',
        7290000,
        'https://cdn.tgdd.vn/Products/Images/42/233135/realme-8-bac-1-org.jpg + https://cdn.tgdd.vn/Products/Images/42/233135/realme-8--den-1-org.jpg + https://cdn.tgdd.vn/Products/Images/42/233135/Kit/realme-8-note.jpg + https://cdn.tgdd.vn/Products/Images/42/233135/Kit/realme-8-bh-org.jpg',
        'Dien Thoai',
        'Real me',
        128,
        'Silver + Black',
        'Giảm thêm 3% khi mua cùng sản phẩm bất kỳ có giá cao hơn + Nhập mã TGDD11 giảm 5% tối đa 700.000đ cho hóa đơn từ 500.000đ khi thanh toán qua Ví Moca trên ứng dụng Grab + Nhập mã DMX100 giảm 3% tối đa 100.000đ khi thanh toán quét QRcode qua App của ngân hàng',
        'Real me 8 Pro + Real me 8 5G',
        'Super AMOLED6.4"Full HD+',
        128,
        8,
        '5000 mAh'
    ),
    (
        1312,
        'Realme 8 5G ',
        7990000,
        'https://cdn.tgdd.vn/Products/Images/42/236588/realme-8-5g-xd-1-org.jpg + https://cdn.tgdd.vn/Products/Images/42/236588/realme-8-5g-den-1-org.jpg + https://cdn.tgdd.vn/Products/Images/42/236588/Kit/realme-8-5g-note.jpg + https://cdn.tgdd.vn/Products/Images/42/236588/Kit/realme-8-5g-bh-org.jpg',
        'Dien Thoai',
        'Real me',
        128,
        'Blue + Black',
        'Giảm thêm 3% khi mua cùng sản phẩm bất kỳ có giá cao hơn + Nhập mã TGDD11 giảm 5% tối đa 700.000đ cho hóa đơn từ 500.000đ khi thanh toán qua Ví Moca trên ứng dụng Grab + Nhập mã DMX100 giảm 3% tối đa 100.000đ khi thanh toán quét QRcode qua App của ngân hàng',
        'Real me 8 Pro + Real me 8 5G',
        'IPS LCD6.5"Full HD+',
        128,
        8,
        '5000 mAh'
    ),
    (
        133,
        'OPPO Reno6 Pro 5G ',
        18490000,
        'https://cdn.tgdd.vn/Products/Images/42/236187/oppo-reno6-pro-5g-xam-1.jpg + https://cdn.tgdd.vn/Products/Images/42/236187/oppo-reno6-pro-5g-xanh-duong-1.jpg + https://cdn.tgdd.vn/Products/Images/42/236187/Slider/oppo-reno6-pro-5g637697083231582047.jpg + https://cdn.tgdd.vn/Products/Images/42/236187/Kit/oppo-reno6-pro-5g-n.jpg',
        'Dien Thoai',
        'Oppo',
        256,
        'Gray + Blue',
        'Giảm thêm 5% khi mua cùng sản phẩm bất kỳ có giá cao hơn + Nhập mã TGDD11 giảm 5% tối đa 700.000đ cho hóa đơn từ 500.000đ khi thanh toán qua Ví Moca trên ứng dụng Grab + Nhập mã DMX100 giảm 3% tối đa 100.000đ khi thanh toán quét QRcode qua App của ngân hàng',
        'OPPO Find X3 Pro 5G + Oppo Reno6 5G + Oppo Reno5 5G',
        'AMOLED6.55"Full HD+',
        256,
        12,
        '4500 mAh'
    ),
    (
        1331,
        'OPPO Reno6 5G ',
        12490000,
        'https://cdn.tgdd.vn/Products/Images/42/236186/oppo-reno6-bac-1-org.jpg + https://cdn.tgdd.vn/Products/Images/42/236186/oppo-reno6-den-1-org.jpg + https://cdn.tgdd.vn/Products/Images/42/236186/Kit/oppo-reno6-n--2.jpg + https://cdn.tgdd.vn/Products/Images/42/236186/Kit/oppo-reno6-bbh-1-org.jpg',
        'Dien Thoai',
        'Oppo',
        128,
        'Silver + Black',
        'Giảm thêm 5% khi mua cùng sản phẩm bất kỳ có giá cao hơn + Nhập mã TGDD11 giảm 5% tối đa 700.000đ cho hóa đơn từ 500.000đ khi thanh toán qua Ví Moca trên ứng dụng Grab + Nhập mã DMX100 giảm 3% tối đa 100.000đ khi thanh toán quét QRcode qua App của ngân hàng',
        'OPPO Find X3 Pro 5G + Oppo Reno6 Pro 5G + Oppo Reno5 5G',
        'AMOLED6.55"Full HD+',
        128,
        8,
        '4300 mAh'
    ),
    (
        1332,
        'OPPO Reno5 5G ',
        11990000,
        'https://cdn.tgdd.vn/Products/Images/42/233460/oppo-reno5-5g-bac-1-org.jpg + https://cdn.tgdd.vn/Products/Images/42/233460/oppo-reno5-5g-den--org.jpg + https://cdn.tgdd.vn/Products/Images/42/236186/Kit/oppo-reno6-bbh-1-org.jpg + https://cdn.tgdd.vn/Products/Images/42/236186/Kit/oppo-reno6-n--2.jpg',
        'Dien Thoai',
        'Oppo',
        128,
        'Silver + Black',
        'Giảm thêm 5% khi mua cùng sản phẩm bất kỳ có giá cao hơn + Nhập mã TGDD11 giảm 5% tối đa 700.000đ cho hóa đơn từ 500.000đ khi thanh toán qua Ví Moca trên ứng dụng Grab + Nhập mã DMX100 giảm 3% tối đa 100.000đ khi thanh toán quét QRcode qua App của ngân hàng',
        'OPPO Find X3 Pro 5G + Oppo Reno6 Pro 5G + Oppo Reno6 5G',
        'AMOLED6.43"Full HD+',
        128,
        8,
        '4300 mAh'
    ),
    (
        134,
        'iPhone 12 Pro 128GB',
        29990000,
        'https://cdn.tgdd.vn/Products/Images/42/213032/iphone-12-pro-vang-1-org.jpg + https://cdn.tgdd.vn/Products/Images/42/213032/iphone-12-pro-xam-1-org.jpg + https://cdn.tgdd.vn/Products/Images/42/213032/iphone-12-pro-bac-12-org.jpg + https://cdn.tgdd.vn/Products/Images/42/213032/iphone-12-pro-xanh-1-org.jpg',
        'Dien thoai',
        'Apple',
        128,
        'Gold + Gray + Silver + Blue',
        'Tặng Phiếu mua hàng 100,000đ áp dụng mua thẻ cào, thẻ game + Giảm đến 1,500,000đ khi tham gia thu cũ đổi mới (Không áp dụng kèm giảm giá qua VNPay) + Giảm thêm 5% khi mua cùng sản phẩm bất kỳ có giá cao hơn + Giảm 50% giá mua gói bảo hiểm rơi vỡ 6 tháng (trị giá đến 1,000,000đ) + Giảm 50% giá gói cước 1 năm (Vina350/Vina500) cho Sim VinaPhone trả sau (Trị giá đến 3 triệu) + Nhập mã TGDD11 giảm 5% tối đa 700.000đ cho hóa đơn từ 500.000đ khi thanh toán qua Ví Moca trên ứng dụng Grab',
        'iPhone 12 Pro Max + iPhone 12 Mini',
        'OLED6.1"Super Retina XDR',
        128,
        6,
        '2815 mAh'
    ),
    (
        1341,
        'iPhone 12 Pro Max 128GB',
        32990000,
        'https://cdn.tgdd.vn/Products/Images/42/213033/iphone-12-pro-max-xanh-duong-1-org.jpg + https://cdn.tgdd.vn/Products/Images/42/213033/iphone-12-pro-max-1-org.jpg + https://cdn.tgdd.vn/Products/Images/42/213033/iphone-12-pro-max-bac-1-org.jpg + https://cdn.tgdd.vn/Products/Images/42/213033/iphone-12-pro-max-xam-1-org.jpg',
        'Dien thoai',
        'Apple',
        128,
        'Gold + Gray + Silver + Blue',
        'Tặng Phiếu mua hàng 100,000đ áp dụng mua thẻ cào, thẻ game + Giảm đến 1,500,000đ khi tham gia thu cũ đổi mới (Không áp dụng kèm giảm giá qua VNPay) + Giảm thêm 5% khi mua cùng sản phẩm bất kỳ có giá cao hơn + Giảm 50% giá mua gói bảo hiểm rơi vỡ 6 tháng (trị giá đến 1,000,000đ) + Giảm 50% giá gói cước 1 năm (Vina350/Vina500) cho Sim VinaPhone trả sau (Trị giá đến 3 triệu) + Nhập mã TGDD11 giảm 5% tối đa 700.000đ cho hóa đơn từ 500.000đ khi thanh toán qua Ví Moca trên ứng dụng Grab',
        'iPhone 12 Pro + iPhone 12 Mini',
        'OLED6.7"Super Retina XDR',
        128,
        6,
        '3687 mAh'
    ),
    (
        1342,
        'iPhone 12 Mini',
        18990000,
        'https://cdn.tgdd.vn/Products/Images/42/225380/iphone-12-mini-den-1-1-org.jpg + https://cdn.tgdd.vn/Products/Images/42/225380/iphone-12-mini-1-1-org.jpg + https://cdn.tgdd.vn/Products/Images/42/225380/iphone-12-mini-xanh-la-1-1-org.jpg + https://cdn.tgdd.vn/Products/Images/42/225380/iphone-12-mini-trang-1-1-org.jpg + https://cdn.tgdd.vn/Products/Images/42/225380/iphone-12-mini-tim-gc-1-org.jpg',
        'Dien thoai',
        'Apple',
        64,
        'Black + Red + Green + White + Purple',
        'Tặng Phiếu mua hàng 100,000đ áp dụng mua thẻ cào, thẻ game + Giảm đến 1,500,000đ khi tham gia thu cũ đổi mới (Không áp dụng kèm giảm giá qua VNPay) + Giảm thêm 5% khi mua cùng sản phẩm bất kỳ có giá cao hơn + Giảm 50% giá mua gói bảo hiểm rơi vỡ 6 tháng (trị giá đến 1,000,000đ) + Giảm 50% giá gói cước 1 năm (Vina350/Vina500) cho Sim VinaPhone trả sau (Trị giá đến 3 triệu) + Nhập mã TGDD11 giảm 5% tối đa 700.000đ cho hóa đơn từ 500.000đ khi thanh toán qua Ví Moca trên ứng dụng Grab',
        'iPhone 12 Pro + iPhone 12 Pro Max',
        'OLED5.4"Super Retina XDR',
        64,
        4,
        '2227 mAh'
    ),
    (
        135,
        'OPPO Find X3 Pro 5G ',
        23990000,
        'https://cdn.tgdd.vn/Products/Images/42/232190/oppo-find-x3-pro-den-1-org.jpg + https://cdn.tgdd.vn/Products/Images/42/232190/oppo-find-x3-pro-xanh-1-org.jpg + https://cdn.tgdd.vn/Products/Images/42/232190/Kit/oppo-find-x3-pro-note.jpg + https://cdn.tgdd.vn/Products/Images/42/232190/Kit/oppo-find-x3-pro-bh-org-1-org.jpg',
        'Dien thoai',
        'Oppo',
        256,
        'Black + Dark Blue',
        'Giảm thêm 5% khi mua cùng sản phẩm bất kỳ có giá cao hơn + Nhập mã TGDD11 giảm 5% tối đa 700.000đ cho hóa đơn từ 500.000đ khi thanh toán qua Ví Moca trên ứng dụng Grab + Nhập mã DMX100 giảm 3% tối đa 100.000đ khi thanh toán quét QRcode qua App của ngân hàng',
        'Oppo Reno6 Pro 5G + Oppo Reno5 5G',
        'AMOLED6.7"Quad HD+ (2K+)',
        256,
        12,
        '4500 mAh'
    ),
    (
        136,
        'Samsung Galaxy Z Flip3 5G 128GB ',
        24990000,
        'https://cdn.tgdd.vn/Products/Images/42/229949/samsung-galaxy-z-flip-3-kem-1-org.jpg + https://cdn.tgdd.vn/Products/Images/42/229949/samsung-galaxy-z-flip-3-black-gc-org.jpg + https://cdn.tgdd.vn/Products/Images/42/229949/samsung-galaxy-z-flip-3-violet-gc-org.jpg + https://cdn.tgdd.vn/Products/Images/42/229949/samsung-galaxy-z-flip-3-green-gc-org.jpg',
        'Dien thoai',
        'SamSung',
        128,
        'cream + Black + Purple + Green ',
        'giam 1.000.000 + Giảm thêm 5% khi mua cùng sản phẩm bất kỳ có giá cao hơn + Giảm ngay 50% Bao da kèm S Pen khi mua cùng Galaxy Z Fold3 + Gói dịch vụ ưu tiên cao cấp và phòng chờ hạng thương gia + Giảm đến 4,000,000đ khi tham gia thu cũ đổi mới + Trả góp 0% thẻ tín dụng + Mua kèm Samsung Galaxy Watch 4 giảm 15% (không áp dụng km khác). + Nhập mã TGDD11 giảm 5% tối đa 700.000đ cho hóa đơn từ 500.000đ khi thanh toán qua Ví Moca trên ứng dụng Grab + Nhập mã DMX100 giảm 3% tối đa 100.000đ khi thanh toán quét QRcode qua App của ngân hàng',
        'Samsung Galaxy Z Fold3 5G 512GB + Samsung Galaxy Z Flip3 5G 256B',
        'Dynamic AMOLED 2XChính 6.7" & Phụ 1.9"Full HD+',
        128,
        8,
        '3300 mAh'
    ),
    (
        1361,
        'Samsung Galaxy Z Flip3 5G 256GB ',
        24990000,
        'https://cdn.tgdd.vn/Products/Images/42/229949/samsung-galaxy-z-flip-3-kem-1-org.jpg + https://cdn.tgdd.vn/Products/Images/42/229949/samsung-galaxy-z-flip-3-black-gc-org.jpg + https://cdn.tgdd.vn/Products/Images/42/229949/samsung-galaxy-z-flip-3-violet-gc-org.jpg + https://cdn.tgdd.vn/Products/Images/42/229949/samsung-galaxy-z-flip-3-green-gc-org.jpg',
        'Dien thoai',
        'SamSung',
        128,
        'cream + Black + Purple + Green ',
        'giam 1.000.000 + Giảm thêm 5% khi mua cùng sản phẩm bất kỳ có giá cao hơn + Giảm ngay 50% Bao da kèm S Pen khi mua cùng Galaxy Z Fold3 + Gói dịch vụ ưu tiên cao cấp và phòng chờ hạng thương gia + Giảm đến 4,000,000đ khi tham gia thu cũ đổi mới + Trả góp 0% thẻ tín dụng + Mua kèm Samsung Galaxy Watch 4 giảm 15% (không áp dụng km khác). + Nhập mã TGDD11 giảm 5% tối đa 700.000đ cho hóa đơn từ 500.000đ khi thanh toán qua Ví Moca trên ứng dụng Grab + Nhập mã DMX100 giảm 3% tối đa 100.000đ khi thanh toán quét QRcode qua App của ngân hàng',
        'Samsung Galaxy Z Fold3 5G 512GB + Samsung Galaxy Z Flip3 5G 128GB',
        'Dynamic AMOLED 2XChính 6.7" & Phụ 1.9"Full HD+',
        128,
        8,
        '3300 mAh'
    );
INSERT INTO company.comment (id, id_product, username, rating, content)
VALUES (1, 123, 'ngocnguyen', 5, 'good product'),
    (2, 1231, 'thanhdang', 4, 'still not good'),
    (3, 1232, 'tienle', 2, 'it is too bad'),
    (4, 124, 'quannguyen', 5, '...'),
    (5, 125, 'phuctruong', 1, 'no comment'),
    (
        6,
        125,
        'nhancu',
        5,
        'it is the best product i have ever used'
    ),
    (
        7,
        123,
        'hungnguyen',
        3,
        'it still has some problems'
    ),
    (
        8,
        1231,
        'quanganh',
        1,
        'too bad, nothing special'
    ),
    (
        9,
        1232,
        'phuocle',
        2,
        'give it to my friend BN'
    ),
    (10, 1232, 'quyenkhonglo', 5, ',,,');
INSERT INTO company.employment (id, area, deadline, address)
VALUES (
        1,
        'Giang vien/Chuyen gia cao cap	',
        '2021/09/17',
        '23 Ton Duc Thang, Quan 1, Thanh Pho Ho Chi Minh'
    ),
    (2, 'Hanh chinh le tan', '2022/10/1', 'Ha Noi'),
    (3, 'Business Analyst', '2021/12/24', 'Long An'),
    (
        4,
        'Chuyen vien kiem soat',
        '2022/01/01',
        'Thanh Pho Ho Chi Minh'
    ),
    (5, 'Fresher Tester', '2021/11/28', 'Binh Thuan'),
    (6, 'Thu Ky du an', '2022/02/01', 'Ha Noi'),
    (
        7,
        'Digital Marketing Execute',
        '2021/12/12',
        'Thanh Pho Ho Chi Minh'
    ),
    (
        8,
        'Senior Devops engineer',
        '2021/12/22',
        'FPT tower, Pham Van Bach Street, Cau Giay, Ha Noi'
    ),
    (
        9,
        'Nhan vien ke toan tong hop',
        '2021/12/04',
        'Tang 22, toa nha Keangnam Lankmark 72 Tower, E6 Pham Hung, Ha Noi'
    ),
    (
        10,
        'Chuyen vien phat trien nguon luc',
        '2021/12/30',
        'FPT tower, Pham Van Bach Street, Cau Giay, Ha Noi'
    );
INSERT INTO company.Information (phone, Email, Address, Service, Support)
VALUES (
        0123987654,
        'abcxyz@gmail.com',
        '268 Lý Thường Kiệt, Phường 14, Quận 10, Thành phố Hồ Chí Minh',
        'Mua hàng từ xa + Quy định đổi trả',
        'Dịch vụ sửa chữa + Nâng cấp phần cứng + Bảo hành sản phẩm'
    );
INSERT INTO company.order_product (id, username, shipment, pay_method)
VALUES (1, 'ngocnguyen', 33000, 'Tien mat'),
    (2, 'thanhdang', 24000, 'Chuyen khoan'),
    (3, 'tienle', 12000, 'Tien mat'),
    (4, 'quyenkhonglo', 23400, 'Chuyen khoan'),
    (5, 'quannguyen', 45000, 'Tien mat'),
    (6, 'nhancu', 123000, 'Chuyen khoan'),
    (7, 'phuocle', 34000, 'Tien mat'),
    (8, 'phuctruong', 500000, 'Chuyen khoan'),
    (9, 'hungnguyen', 1000000, 'Chuyen khoan'),
    (10, 'quanganh', 2000, 'Tien mat');
INSERT INTO company.News (Id, Title, Image, Content, Link)
VALUES (
        432,
        'Motorola sẵn sàng “ném quả bom lớn vào ngành công nghiệp”',
        'https://cdn.24h.com.vn/upload/4-2021/images/2021-11-22/2-1637550553-738-width660height440.jpg',
        'Theo bài đăng trên Weibo, ông cho rằng “chiếc flagship mới được đánh giá là sẽ ném một quả bom lớn vào ngành công nghiệp” ....',
        'https://mybk.hcmut.edu.vn/my/index.action'
    ),
    (
        433,
        '5 cách kiểm tra cấu hình laptop đầy đủ, đơn giản nhất 2022',
        'https://phongvu.vn/cong-nghe/wp-content/uploads/2021/11/Kiem-tra-cau-hinh-laptop-1068x601.jpg',
        'Sẽ có nhiều lúc bạn cần kiểm tra, check lại thông tin về cấu hình chiếc laptop mình đang dùng (mua máy mới, mua máy đã qua sử dụng, kiểm tra để nâng cấp, lắp thiết bị ngoại vi,…). Nhưng bạn không biết xem như thế nào?',
        'https://mybk.hcmut.edu.vn/my/index.action'
    ),
    (
        434,
        'Tin đồn về iPhone 14: màn hình trượt, cụm camera mới? (cập nhật liên tục)',
        'https://phongvu.vn/cong-nghe/wp-content/uploads/2021/11/iphone-14-4.jpg',
        'Series iPhone 13 mới chỉ vừa trình làng trong tháng 9 vừa rồi. Thế nhưng bao giờ cũng thế, iPhone là chiếc smartphone hot nhất làng công nghệ, được cả thế giới quan tâm nên tin đồn sớm về nó là không có gì ngạc nhiên. Đến hiện tại, đây là những tin đồn đã được giới công nghệ dự đoán về siêu phẩm này.',
        'https://mybk.hcmut.edu.vn/my/index.action'
    ),
    (
        435,
        'MacBook Pro 2021 sẵn sàng lên kệ, FPT Shop giảm ngay 1 triệu đồng cho khách hàng đặt trước',
        'https://images.fpt.shop/unsafe/fit-in/640x426/filters:quality(90):fill(white)/fptshop.com.vn/Uploads/Originals/2021/11/25/637734365324374930_hinh-anh-nf_1200x628.jpg',
        'Từ ngày 24/11 - 01/12/2021, FPT Shop nhận đặt trước MacBook Pro M1 2021 với nhiều ưu đãi hấp dẫn: giảm giá đến 1 triệu đồng khi trả thẳng, trả góp 0% lãi suất và giảm thêm 15% khi mua kèm Magic Mouse.',
        'https://mybk.hcmut.edu.vn/my/index.action'
    ),
    (
        436,
        'MacOS 12 Monterey có gì mới: 10 tính năng hay ho vượt mặt Windows 11',
        'https://phongvu.vn/cong-nghe/wp-content/uploads/2021/11/Chia-se-facetime-bang-lien-ket.jpg',
        'Apple đã phát hành MacOS 12 Monterey được vài tuần rồi, anh em đã biết hết những tính năng thú vị vừa được cập nhật chưa? Apple đã và đang cố gắng làm cho hệ điều hành của mình trở nên thân thiện và tối ưu nhất với người dùng.',
        'https://mybk.hcmut.edu.vn/my/index.action'
    );
INSERT INTO company.belong_to_cart (id, Product_id, Cart_id, Quantity, Rom, Color)
VALUES (1, 123, 1, 5, 256, 'red + black + Blue + pink'),
    (2, 1231, 2, 2, 1024, 'Silver + Black + Gold'),
    (3, 1232, 3, 1, 128, 'White + Blue + red'),
    (4, 124, 4, 3, 256, 'Black'),
    (5, 125, 5, 1, 128, 'White + Blue + Gray'),
    (6, 1251, 6, 1, 256, 'White + Blue + Gray'),
    (7, 1252, 7, 2, 256, 'White + Blue + Gray'),
    (8, 1261, 8, 2,128, 'Blue + Gray + White'),
    (9, 126, 9, 4, 128, 'Blue + Gray + Gold'),
    (10, 1261, 10, 1, 128, 'Blue + Gray + White');
INSERT INTO company.Introduction (Id, Image, Intro, Develop, Mission, Aim)
VALUES (
        12345,
        'https://chamsockhachang.com/wp-content/uploads/truong-dai-hoc-bach-khoa-tp.-ho-chi-minh.jpg + https://vcdn-vnexpress.vnecdn.net/2021/10/05/dai-hoc-bach-khoa-1785-1633438377.jpg',
        'Xuất thân từ cửa hàng kinh doanh điện thoại được thành lập từ năm 2021, Công ty Tiến IDOL được biết đến là đơn vị bán lẻ mới nhất và uy tín tại Việt Nam. Công ty chuyên kinh doanh các sản phẩm và thiết bị của nhiều nhãn hàng như Apple, Oppo, Xiaomi, Real me, Sam Sung, ... + Sau 4,5 tháng phát triển không ngừng, công ty hướng đến mục tiêu không chỉ là nơi kinh doanh điện thoại mà còn là nơi khách hàng có thể tìm thấy mọi tiện ích công nghệ hiện đại và dịch vụ chất lượng cao.',
        '12/9/2021 Cửa hàng Tiến IDOL được khai trương tại thành phố Hồ Chí Minh + 20/10/2021 Thành lập công ty Điện thoại Tiến IDOL + 30/10/2021 Mở rộng khai trương các cửa hàng ở 1 số quận trong thành phố Hồ Chí Minh + 2/11/2021 Các công ty nước ngoài đầu tư vào công ty và mở rộng hơn 20 cửa hàng trên toàn quốc + 20/11/2021 tối ưu hệ thống sẵn sàng cho phát triển tương lai + 30/11/2021 sẵn sàng cho bước phát triển mạnh mẽ',
        'Hiện đại hóa: THương hiệu, cửa hàng + Số hóa: quy trình vận hành, quản trị + Trải nghiệm khách hàng là tốt nhất',
        'Trở thành công ty hàng đầu về buôn bán điện thoại tại Việt Nam'
    );
INSERT INTO company.tb_address(id, username, address)
VALUES (
        1,
        'ngocnguyen',
        '118/3 Ấp Binh Sơn, xã Bình Quới, huyện Châu Thành, tỉnh Long An'
    ),
    (2, 'thanhdang', 'Tây Ninh'),
    (3, 'nhancu', 'Da Nang'),
    (4, 'phuctruong', 'Bình Dương');
